"player","team","games","position","recTarg","recRec","recRec40s","recYds","recYds100Games","recTds","recTd40s","recDrops","catch","depth","ypt","ypr","rac","rzRecTarg","rzRecRec","rzRecTds","rzRecTargPct","rzRecRecPct","rzRecTdPct","ezRecTarg","ezRecTds","ezRecTargPct","ezRecRecPct","ezRecTdPct","rushCarries","rush40s","rushYds","rushYds100Games","rushTds","rushTd40s","ypc","yac","rushTa","tat","fumbles","rzRushCarries","rzRushTds","rzRushPct","rzRushTdPct","i5RushCarries","i5RushTds","i5RushPct","i5RushTdPct","patConversions","patAttempts","fantasyPts","ptsPerSnap","ptsPerTouch"
"Ashton Dulin","IND","0","WR","0","0","0","0","0","0","0","0","0","0","0","0","0","","","","","","","","","","","","0","0","0","0","0","0","0","0","0","0","0","","","","","","","","","0","0","0","",""
"Vyncint Smith","NYJ","1","WR","3","1","0","20","0","0","0","1","33.3","13.33","6.67","20","1","","","","","","","","","","","","0","0","0","0","0","0","0","0","0","0","0","","","","","","","","","0","0","3","0.18","3"
"A.J. Brown","TEN","1","WR","7","4","0","81","0","0","0","1","57.1","14.71","11.57","20.25","6.5","","","","","","","","","","","","0","0","0","0","0","0","0","0","0","0","0","","","","","","","","","0","0","12.1","0.24","3.02"
"Deebo Samuel","SF","1","WR","7","4","0","40","0","0","0","2","57.1","11","5.71","10","2.5","","","","","","","","","","","","0","0","0","0","0","0","0","0","0","0","0","","","","","","","","","0","0","8","0.18","2"
"D.J. Moore","CAR","1","WR","9","7","0","101","1","0","0","0","77.8","15","11.22","14.43","5.29","","","","","","","","","","","","0","0","0","0","0","0","0","0","0","0","0","","","","","","","","","0","0","17.1","0.26","2.44"
"Robert Foster","BUF","1","WR","1","0","0","0","0","0","0","0","0","41","0","0","0","","","","","","","","","","","","0","0","0","0","0","0","0","0","0","0","0","","","","","","","","","0","0","0","0",""
"Miles Boykin","BLT","1","WR","1","0","0","0","0","0","0","1","0","7","0","0","0","","","","","","","","","","","","0","0","0","0","0","0","0","0","0","0","0","","","","","","","","","0","0","0","0",""
"Courtland Sutton","DEN","1","WR","7","5","0","56","0","1","0","0","71.4","11.29","8","11.2","3.4","","","","","","","","","","","","1","0","7","0","0","0","7","3","0","0","0","","","","","","","","","0","0","17.3","0.38","2.88"
"Antonio Callaway","CLV","1","WR","5","4","1","56","0","0","0","0","80","6.6","11.2","14","10","","","","","","","","","","","","0","0","0","0","0","0","0","0","0","0","0","","","","","","","","","0","0","9.6","0.27","2.4"
"Malik Turner","SEA","1","WR","0","0","0","0","0","0","0","0","0","0","0","0","0","","","","","","","","","","","","0","0","0","0","0","0","0","0","0","0","0","","","","","","","","","0","0","0","0",""
"D.K. Metcalf","SEA","1","WR","9","6","1","123","1","1","1","0","66.7","11.78","13.67","20.5","8.67","","","","","","","","","","","","1","0","7","0","0","0","7","3","1","1","0","","","","","","","","","1","1","25","0.36","3.57"
"Jakobi Meyers","NE","1","WR","0","0","0","0","0","0","0","0","0","0","0","0","0","","","","","","","","","","","","0","0","0","0","0","0","0","0","0","0","0","","","","","","","","","0","0","0","0",""
"Andy Isabella","ARZ","1","WR","1","1","1","88","0","1","1","0","100","22","88","88","66","","","","","","","","","","","","0","0","0","0","0","0","0","0","0","0","0","","","","","","","","","0","0","15.8","1.32","15.8"
"Greg Dortch","CAR","0","WR","0","0","0","0","0","0","0","0","0","0","0","0","0","","","","","","","","","","","","0","0","0","0","0","0","0","0","0","0","0","","","","","","","","","0","0","0","",""
"Javon Wims","CHI","1","WR","0","0","0","0","0","0","0","0","0","0","0","0","0","","","","","","","","","","","","0","0","0","0","0","0","0","0","0","0","0","","","","","","","","","0","0","0","0",""
"KeeSean Johnson","ARZ","1","WR","3","2","0","22","0","1","0","1","66.7","11.33","7.33","11","1.5","","","","","","","","","","","","0","0","0","0","0","0","0","0","0","0","0","","","","","","","","","0","0","10.2","0.41","5.1"
"Preston Williams","MIA","1","WR","9","5","0","72","0","2","0","0","55.6","15.11","8","14.4","2.4","","","","","","","","","","","","0","0","0","0","0","0","0","0","0","0","0","","","","","","","","","0","0","24.2","0.47","4.84"
"Juwann Winfree","DEN","0","WR","0","0","0","0","0","0","0","0","0","0","0","0","0","","","","","","","","","","","","0","0","0","0","0","0","0","0","0","0","0","","","","","","","","","0","0","0","",""
"Diontae Johnson","PIT","1","WR","1","1","0","3","0","0","0","0","100","1","3","3","2","","","","","","","","","","","","1","0","2","0","0","0","2","5","1","1","0","","","","","","","","","0","0","1.5","0.04","0.75"
"KhaDarel Hodge","CLV","1","WR","1","1","0","10","0","0","0","0","100","7","10","10","3","","","","","","","","","","","","0","0","0","0","0","0","0","0","0","0","0","","","","","","","","","0","0","2","0.25","2"
"Michael Gallup","DAL","1","WR","7","2","0","33","0","1","0","0","28.6","18.57","4.71","16.5","8.5","","","","","","","","","","","","0","0","0","0","0","0","0","0","0","0","0","","","","","","","","","0","0","11.3","0.18","5.65"
"Darius Slayton","NYG","1","WR","3","1","0","6","0","0","0","1","33.3","15.33","2","6","10","","","","","","","","","","","","0","0","0","0","0","0","0","0","0","0","0","","","","","","","","","0","0","1.6","0.02","1.6"
"Zach Pascal","IND","1","WR","5","5","0","76","0","1","0","0","100","16","15.2","15.2","0.2","","","","","","","","","","","","0","0","0","0","0","0","0","0","0","0","0","","","","","","","","","0","0","18.6","0.28","3.72"
"Kenny Golladay","DET","1","WR","7","4","1","132","1","1","1","0","57.1","21.86","18.86","33","14.75","","","","","","","","","","","","0","0","0","0","0","0","0","0","0","0","0","","","","","","","","","0","0","23.2","0.41","5.8"
"Curtis Samuel","CAR","1","WR","6","3","0","64","0","1","0","0","50","23.17","10.67","21.33","1.67","","","","","","","","","","","","1","0","10","0","0","0","10","3","0","0","0","","","","","","","","","0","0","16.4","0.31","4.1"
"Marvin Hall","DET","1","WR","0","0","0","0","0","0","0","0","0","0","0","0","0","","","","","","","","","","","","1","0","7","0","0","0","7","3","0","0","0","","","","","","","","","0","0","0.7","0.04","0.7"
"Johnny Holton","PIT","1","WR","0","0","0","0","0","0","0","0","0","0","0","0","0","","","","","","","","","","","","0","0","0","0","0","0","0","0","0","0","0","","","","","","","","","0","0","0","0",""
"Robby Anderson","NYJ","1","WR","4","2","0","33","0","0","0","0","50","19.5","8.25","16.5","0","","","","","","","","","","","","0","0","0","0","0","0","0","0","0","0","0","","","","","","","","","0","0","5.3","0.08","2.65"
"Jakeem Grant","MIA","1","WR","5","3","0","33","0","0","0","0","60","13.4","6.6","11","8.33","","","","","","","","","","","","0","0","0","0","0","0","0","0","0","0","0","","","","","","","","","0","0","6.3","0.45","2.1"
"Rashard Higgins","CLV","1","WR","1","0","0","0","0","0","0","0","0","5","0","0","0","","","","","","","","","","","","0","0","0","0","0","0","0","0","0","0","0","","","","","","","","","0","0","0","0",""
"Demarcus Robinson","KC","1","WR","2","1","0","5","0","0","0","0","50","5","2.5","5","0","","","","","","","","","","","","0","0","0","0","0","0","0","0","0","0","0","","","","","","","","","0","0","1.5","0.06","1.5"
"Tyrell Williams","OAK","1","WR","4","3","0","48","0","0","0","0","75","14.5","12","16","1.67","","","","","","","","","","","","0","0","0","0","0","0","0","0","0","0","0","","","","","","","","","0","0","7.8","0.14","2.6"
"Chris Conley","JAX","1","WR","7","2","0","32","0","0","0","1","28.6","15.14","4.57","16","0.5","","","","","","","","","","","","0","0","0","0","0","0","0","0","0","0","0","","","","","","","","","0","0","5.2","0.09","2.6"
"Phillip Dorsett","NE","1","WR","5","2","0","13","0","0","0","0","40","10.6","2.6","6.5","0.5","","","","","","","","","","","","0","0","0","0","0","0","0","0","0","0","0","","","","","","","","","0","0","3.3","0.05","1.65"
"Seth Roberts","BLT","1","WR","0","0","0","0","0","0","0","0","0","0","0","0","0","","","","","","","","","","","","0","0","0","0","0","0","0","0","0","0","0","","","","","","","","","0","0","0","0",""
"John Brown","BUF","1","WR","7","4","0","76","0","0","0","0","57.1","18.29","10.86","19","2.25","","","","","","","","","","","","0","0","0","0","0","0","0","0","0","0","0","","","","","","","","","0","0","11.6","0.21","2.9"
"Allen Robinson II","CHI","1","WR","5","1","0","6","0","0","0","0","20","17.6","1.2","6","0","","","","","","","","","","","","0","0","0","0","0","0","0","0","0","0","0","","","","","","","","","0","0","1.6","0.04","1.6"
"Davante Adams","GB","1","WR","11","7","0","41","0","0","0","1","63.6","10.55","3.73","5.86","0.43","","","","","","","","","","","","0","0","0","0","0","0","0","0","0","0","0","","","","","","","","","0","0","11.1","0.26","1.59"
"Mike Evans","TB","1","WR","16","12","0","180","1","1","0","0","75","16.13","11.25","15","3.5","","","","","","","","","","","","0","0","0","0","0","0","0","0","0","0","0","","","","","","","","","0","0","36","0.55","3"
"Adam Thielen","MIN","1","WR","1","0","0","0","0","0","0","1","0","5","0","0","0","","","","","","","","","","","","0","0","0","0","0","0","0","0","0","0","0","","","","","","","","","0","0","0","0",""
"Cordarrelle Patterson","CHI","1","WR","1","1","0","5","0","0","0","0","100","5","5","5","0","","","","","","","","","","","","0","0","0","0","0","0","0","0","0","0","0","","","","","","","","","0","0","1.5","0.19","1.5"
"DeAndre Hopkins","HST","1","WR","11","8","0","48","0","1","0","0","72.7","7.36","4.36","6","2","","","","","","","","","","","","1","0","6","0","0","0","6","3","1","1","0","","","","","","","","","0","0","19.4","0.29","2.16"
"Alshon Jeffery","PHI","1","WR","8","4","0","36","0","0","0","3","50","12.5","4.5","9","1.5","","","","","","","","","","","","0","0","0","0","0","0","0","0","0","0","0","","","","","","","","","0","0","7.6","0.12","1.9"
"Jason Moore","LAC","1","WR","0","0","0","0","0","0","0","0","0","0","0","0","0","","","","","","","","","","","","0","0","0","0","0","0","0","0","0","0","0","","","","","","","","","0","0","0","0",""
"Justin Watson","TB","0","WR","0","0","0","0","0","0","0","0","0","0","0","0","0","","","","","","","","","","","","0","0","0","0","0","0","0","0","0","0","0","","","","","","","","","0","0","0","",""
"Hunter Renfrow","OAK","1","WR","7","6","0","54","0","1","0","0","85.7","6.29","7.71","9","2.67","","","","","","","","","","","","0","0","0","0","0","0","0","0","0","0","0","","","","","","","","","0","0","17.4","0.47","2.9"
"Trey Quinn","WAS","1","WR","3","1","0","9","0","0","0","0","33.3","10.33","3","9","0","","","","","","","","","","","","0","0","0","0","0","0","0","0","0","0","0","","","","","","","","","0","0","1.9","0.06","1.9"
"Kalif Raymond","TEN","1","WR","3","2","0","19","0","0","0","0","66.7","10.67","6.33","9.5","2.5","","","","","","","","","","","","0","0","0","0","0","0","0","0","0","0","0","","","","","","","","","0","0","3.9","0.19","1.95"
"Trevor Davis","OAK","1","WR","0","0","0","0","0","0","0","0","0","0","0","0","0","","","","","","","","","","","","0","0","0","0","0","0","0","0","0","0","0","","","","","","","","","0","0","0","0",""
"Adam Humphries","TEN","1","WR","4","4","0","65","0","0","0","0","100","10.25","16.25","16.25","6","","","","","","","","","","","","0","0","0","0","0","0","0","0","0","0","0","","","","","","","","","0","1","10.5","0.23","2.63"
"DeAndrew White","CAR","1","WR","0","0","0","0","0","0","0","0","0","0","0","0","0","","","","","","","","","","","","0","0","0","0","0","0","0","0","0","0","0","","","","","","","","","0","0","0","0",""
"Jamison Crowder","NYJ","1","WR","9","8","0","83","0","1","0","0","88.9","5.78","9.22","10.38","4.63","","","","","","","","","","","","0","0","0","0","0","0","0","0","0","0","0","","","","","","","","","0","0","22.3","0.39","2.79"
"Nelson Agholor","PHI","1","WR","6","3","0","21","0","0","0","0","50","17.67","3.5","7","0","","","","","","","","","","","","0","0","0","0","0","0","0","0","0","0","0","","","","","","","","","0","0","5.1","0.07","1.7"
"Willie Snead IV","BLT","1","WR","2","2","0","15","0","0","0","0","100","5","7.5","7.5","2.5","","","","","","","","","","","","0","0","0","0","0","0","0","0","0","0","0","","","","","","","","","0","0","3.5","0.09","1.75"
"Cole Beasley","BUF","1","WR","2","2","0","13","0","1","0","0","100","4","6.5","6.5","2.5","","","","","","","","","","","","0","0","0","0","0","0","0","0","0","0","0","","","","","","","","","0","0","9.3","0.33","4.65"
"Randall Cobb","DAL","1","WR","7","6","0","35","0","0","0","0","85.7","4.57","5","5.83","2.83","","","","","","","","","","","","1","0","0","0","0","0","0","1","0","0","1","","","","","","","","","0","0","9.5","0.18","1.36"
"Julian Edelman","NE","1","WR","11","10","0","89","0","0","0","0","90.9","5.36","8.09","8.9","3.4","","","","","","","","","","","","0","0","0","0","0","0","0","0","0","0","1","","","","","","","","","0","0","18.9","0.28","1.89"
"Keelan Cole","JAX","1","WR","6","5","0","80","0","0","0","0","83.3","11.5","13.33","16","5.2","","","","","","","","","","","","0","0","0","0","0","0","0","0","0","0","0","","","","","","","","","0","0","13","0.24","2.6"
"Steven Sims","WAS","1","WR","1","1","0","12","0","0","0","0","100","10","12","12","2","","","","","","","","","","","","0","0","0","0","0","0","0","0","0","0","0","","","","","","","","","0","0","2.2","0.73","2.2"
"Anthony Miller","CHI","1","WR","1","0","0","0","0","0","0","0","0","24","0","0","0","","","","","","","","","","","","0","0","0","0","0","0","0","0","0","0","0","","","","","","","","","0","0","0","0",""
"Allen Lazard","GB","1","WR","4","3","0","44","0","0","0","0","75","18.25","11","14.67","5.67","","","","","","","","","","","","0","0","0","0","0","0","0","0","0","0","0","","","","","","","","","0","0","7.4","0.3","2.47"
"Keke Coutee","HST","0","WR","0","0","0","0","0","0","0","0","0","0","0","0","0","","","","","","","","","","","","0","0","0","0","0","0","0","0","0","0","0","","","","","","","","","0","0","0","",""
"DaeSean Hamilton","DEN","1","WR","0","0","0","0","0","0","0","0","0","0","0","0","0","","","","","","","","","","","","0","0","0","0","0","0","0","0","0","0","0","","","","","","","","","0","0","0","0",""
"Kendrick Bourne","SF","1","WR","1","1","0","7","0","1","0","0","100","11","7","7","0","","","","","","","","","","","","0","0","0","0","0","0","0","0","0","0","0","","","","","","","","","0","0","7.7","0.41","7.7"
"Andre Patton","LAC","1","WR","0","0","0","0","0","0","0","0","0","0","0","0","0","","","","","","","","","","","","0","0","0","0","0","0","0","0","0","0","0","","","","","","","","","0","0","0","0",""
"Isaiah McKenzie","BUF","1","WR","3","3","0","12","0","0","0","0","100","0","4","4","4","","","","","","","","","","","","0","0","0","0","0","0","0","0","0","0","0","","","","","","","","","0","0","4.2","0.1","1.4"
"Ryan Switzer","PIT","1","WR","0","0","0","0","0","0","0","0","0","0","0","0","0","","","","","","","","","","","","0","0","0","0","0","0","0","0","0","0","0","","","","","","","","","0","0","0","0",""
"Chris Godwin","TB","1","WR","9","7","0","61","0","0","0","0","77.8","5.44","6.78","8.71","4.14","","","","","","","","","","","","1","0","8","0","0","0","8","12","1","1","0","","","","","","","","","0","0","13.9","0.19","1.74"
"JuJu Smith-Schuster","PIT","1","WR","5","3","0","16","0","0","0","1","60","11.2","3.2","5.33","4.67","","","","","","","","","","","","0","0","0","0","0","0","0","0","0","0","0","","","","","","","","","0","0","4.6","0.1","1.53"
"Geronimo Allison","GB","1","WR","2","2","0","21","0","0","0","0","100","2.5","10.5","10.5","8","","","","","","","","","","","","0","0","0","0","0","0","0","0","0","0","0","","","","","","","","","0","0","4.1","0.13","2.05"
"Chester Rogers","IND","1","WR","5","3","0","22","0","1","0","2","60","5.8","4.4","7.33","0.67","","","","","","","","","","","","0","0","0","0","0","0","0","0","0","0","0","","","","","","","","","0","0","11.2","0.24","3.73"
"Pharoh Cooper","ARZ","1","WR","2","2","0","15","0","0","0","0","100","2.5","7.5","7.5","5","","","","","","","","","","","","0","0","0","0","0","0","0","0","0","0","0","","","","","","","","","0","0","3.5","0.22","1.75"
"Laquon Treadwell","MIN","1","WR","5","3","0","58","0","0","0","0","60","16.2","11.6","19.33","4","","","","","","","","","","","","0","0","0","0","0","0","0","0","0","0","0","","","","","","","","","0","0","8.8","0.46","2.93"
"DeAndre Carter","HST","1","WR","1","1","0","8","0","0","0","0","100","4","8","8","4","","","","","","","","","","","","0","0","0","0","0","0","0","0","0","0","0","","","","","","","","","0","0","1.8","0.06","1.8"
"Tyler Lockett","SEA","1","WR","18","13","0","152","1","2","0","1","72.2","10.17","8.44","11.69","4.23","","","","","","","","","","","","0","0","0","0","0","0","0","0","0","0","0","","","","","","","","","0","0","40.2","0.59","3.09"
"Albert Wilson","MIA","1","WR","2","1","0","3","0","0","0","0","50","12.5","1.5","3","10","","","","","","","","","","","","0","0","0","0","0","0","0","0","0","0","0","","","","","","","","","0","0","1.3","0.05","1.3"
"Allen Hurns","MIA","1","WR","3","2","0","16","0","0","0","1","66.7","1","5.33","8","7.5","","","","","","","","","","","","0","0","0","0","0","0","0","0","0","0","0","","","","","","","","","0","0","3.6","0.12","1.8"
"Jarvis Landry","CLV","1","WR","11","6","0","51","0","1","0","1","54.5","5.09","4.64","8.5","5.5","","","","","","","","","","","","0","0","0","0","0","0","0","0","0","0","0","","","","","","","","","0","0","17.1","0.24","2.85"
"Keenan Allen","LAC","1","WR","4","3","0","40","0","0","0","0","75","13.5","10","13.33","2.33","","","","","","","","","","","","0","0","0","0","0","0","0","0","0","0","0","","","","","","","","","0","0","7","0.11","2.33"
"Jarius Wright","CAR","1","WR","4","0","0","0","0","0","0","1","0","11.5","0","0","0","","","","","","","","","","","","1","0","-7","0","0","0","-7","3","1","1","0","","","","","","","","","0","0","-0.7","-0.02","-0.7"
"Andre Roberts","BUF","1","WR","0","0","0","0","0","0","0","0","0","0","0","0","0","","","","","","","","","","","","0","0","0","0","0","0","0","0","0","0","0","","","","","","","","","0","0","0","0",""
"Golden Tate","NYG","1","WR","6","6","0","42","0","0","0","0","100","4.83","7","7","2.17","","","","","","","","","","","","1","0","16","0","0","0","16","4","0","0","0","","","","","","","","","0","0","11.8","0.18","1.69"
"Danny Amendola","DET","1","WR","5","3","0","29","0","0","0","0","60","9.8","5.8","9.67","2","","","","","","","","","","","","0","0","0","0","0","0","0","0","0","0","0","","","","","","","","","0","0","5.9","0.14","1.97"
"Larry Fitzgerald","ARZ","1","WR","4","4","0","38","0","0","0","0","100","2","9.5","9.5","7.5","","","","","","","","","","","","0","0","0","0","0","0","0","0","0","0","0","","","","","","","","","0","0","7.8","0.15","1.95"
"Diontae Spencer","DEN","1","WR","3","1","0","0","0","0","0","0","33.3","16","0","0","3","","","","","","","","","","","","0","0","0","0","0","0","0","0","0","0","1","","","","","","","","","0","0","1","0.04","1"
"Brandon Zylstra","CAR","1","WR","0","0","0","0","0","0","0","0","0","0","0","0","0","","","","","","","","","","","","0","0","0","0","0","0","0","0","0","0","0","","","","","","","","","0","0","0","0",""
"Marquise Brown","BLT","1","WR","3","3","0","48","0","0","0","0","100","3","16","16","13","","","","","","","","","","","","0","0","0","0","0","0","0","0","0","0","0","","","","","","","","","0","0","7.8","0.2","2.6"
"Terry McLaurin","WAS","1","WR","6","4","0","39","0","0","0","1","66.7","5.67","6.5","9.75","5","","","","","","","","","","","","0","0","0","0","0","0","0","0","0","0","0","","","","","","","","","0","0","7.9","0.15","1.98"
"Michael Walker","JAX","0","WR","0","0","0","0","0","0","0","0","0","0","0","0","0","","","","","","","","","","","","0","0","0","0","0","0","0","0","0","0","0","","","","","","","","","0","0","0","",""
"Dante Pettis","SF","1","WR","1","1","0","21","0","1","0","0","100","25","21","21","0","","","","","","","","","","","","0","0","0","0","0","0","0","0","0","0","0","","","","","","","","","0","0","9.1","0.41","9.1"
"Trent Sherfield","ARZ","1","WR","0","0","0","0","0","0","0","0","0","0","0","0","0","","","","","","","","","","","","0","0","0","0","0","0","0","0","0","0","0","","","","","","","","","0","0","0","0",""
"Braxton Berrios","NYJ","0","WR","0","0","0","0","0","0","0","0","0","0","0","0","0","","","","","","","","","","","","0","0","0","0","0","0","0","0","0","0","0","","","","","","","","","0","0","0","",""
"Ventell Bryant","DAL","1","WR","0","0","0","0","0","0","0","0","0","0","0","0","0","","","","","","","","","","","","0","0","0","0","0","0","0","0","0","0","0","","","","","","","","","0","0","0","0",""
"Parris Campbell","IND","1","WR","5","5","0","53","0","0","0","0","100","1.4","10.6","10.6","9.2","","","","","","","","","","","","3","0","27","0","0","0","9","8.33","2","0.67","1","","","","","","","","","0","0","13","0.3","1.63"
"Kelvin Harmon","WAS","1","WR","2","1","0","6","0","0","0","0","50","9.5","3","6","7","","","","","","","","","","","","0","0","0","0","0","0","0","0","0","0","0","","","","","","","","","0","0","1.6","0.06","1.6"
"Olabisi Johnson","MIN","1","WR","2","1","0","4","0","1","0","0","50","16","2","4","0","","","","","","","","","","","","0","0","0","0","0","0","0","0","0","0","0","","","","","","","","","0","0","7.4","0.13","7.4"
"Marquez Valdes-Scantling","GB","1","WR","2","0","0","0","0","0","0","0","0","28.5","0","0","0","","","","","","","","","","","","0","0","0","0","0","0","0","0","0","0","0","","","","","","","","","0","0","0","0",""
"James Washington","PIT","1","WR","4","4","1","69","0","0","0","0","100","16","17.25","17.25","1.25","","","","","","","","","","","","0","0","0","0","0","0","0","0","0","0","0","","","","","","","","","0","0","10.9","0.42","2.73"
"D.J. Chark Jr.","JAX","1","WR","8","4","0","32","0","0","0","0","50","14.38","4","8","2","","","","","","","","","","","","0","0","0","0","0","0","0","0","0","0","0","","","","","","","","","0","0","7.2","0.11","1.8"
"Christian Kirk","ARZ","1","WR","5","2","0","8","0","0","0","0","40","4","1.6","4","3.5","","","","","","","","","","","","1","0","8","0","0","0","8","6","0","0","0","","","","","","","","","0","0","3.6","0.07","1.2"
"Steven Mitchell Jr.","HST","1","WR","1","0","0","0","0","0","0","0","0","12","0","0","0","","","","","","","","","","","","0","0","0","0","0","0","0","0","0","0","0","","","","","","","","","0","0","0","0",""
"Scotty Miller","TB","1","WR","1","0","0","0","0","0","0","0","0","29","0","0","0","","","","","","","","","","","","0","0","0","0","0","0","0","0","0","0","0","","","","","","","","","0","0","0","0",""
"Mecole Hardman","KC","1","WR","0","0","0","0","0","0","0","0","0","0","0","0","0","","","","","","","","","","","","1","0","7","0","0","0","7","0","0","0","0","","","","","","","","","0","0","0.7","0.06","0.7"
"Byron Pringle","KC","0","WR","0","0","0","0","0","0","0","0","0","0","0","0","0","","","","","","","","","","","","0","0","0","0","0","0","0","0","0","0","0","","","","","","","","","0","0","0","",""
"J.J. Arcega-Whiteside","PHI","1","WR","0","0","0","0","0","0","0","0","0","0","0","0","0","","","","","","","","","","","","0","0","0","0","0","0","0","0","0","0","0","","","","","","","","","0","0","0","0",""
"Davion Davis","MIN","0","WR","0","0","0","0","0","0","0","0","0","0","0","0","0","","","","","","","","","","","","0","0","0","0","0","0","0","0","0","0","0","","","","","","","","","0","0","0","",""
"Richie James Jr.","SF","1","WR","0","0","0","0","0","0","0","0","0","0","0","0","0","","","","","","","","","","","","0","0","0","0","0","0","0","0","0","0","0","","","","","","","","","0","0","0","0",""
"Marcell Ateman","OAK","1","WR","1","1","0","34","0","0","0","0","100","26","34","34","8","","","","","","","","","","","","0","0","0","0","0","0","0","0","0","0","0","","","","","","","","","0","0","4.4","1.1","4.4"
"Fred Brown","DEN","1","WR","0","0","0","0","0","0","0","0","0","0","0","0","0","","","","","","","","","","","","0","0","0","0","0","0","0","0","0","0","0","","","","","","","","","0","0","0","0",""
"Deon Cain","IND","1","WR","2","0","0","0","0","0","0","1","0","9.5","0","0","0","","","","","","","","","","","","0","0","0","0","0","0","0","0","0","0","0","","","","","","","","","0","0","0","0",""
"C.J. Board","JAX","1","WR","2","1","0","23","0","0","0","1","50","12","11.5","23","6","","","","","","","","","","","","0","0","0","0","0","0","0","0","0","0","0","","","","","","","","","0","0","3.3","0.47","3.3"
"David Moore","SEA","1","WR","4","2","0","18","0","0","0","0","50","9.25","4.5","9","6.5","","","","","","","","","","","","0","0","0","0","0","0","0","0","0","0","0","","","","","","","","","0","0","3.8","0.1","1.9"
"Mack Hollins","PHI","1","WR","0","0","0","0","0","0","0","0","0","0","0","0","0","","","","","","","","","","","","0","0","0","0","0","0","0","0","0","0","0","","","","","","","","","0","0","0","0",""
"Zay Jones","OAK","1","WR","4","3","0","21","0","0","0","0","75","7.5","5.25","7","2.33","","","","","","","","","","","","1","0","3","0","0","0","3","1","0","0","0","","","","","","","","","0","0","5.4","0.08","1.35"
"Mike Williams","LAC","1","WR","4","3","2","111","1","0","0","0","75","18","27.75","37","19.33","","","","","","","","","","","","1","0","2","0","0","0","2","4","0","0","0","","","","","","","","","0","0","14.3","0.22","3.58"
"Corey Davis","TEN","1","WR","5","4","0","48","0","0","0","0","80","9.2","9.6","12","2.5","","","","","","","","","","","","0","0","0","0","0","0","0","0","0","0","0","","","","","","","","","0","0","8.8","0.16","2.2"
"Cody Core","NYG","1","WR","0","0","0","0","0","0","0","0","0","0","0","0","0","","","","","","","","","","","","0","0","0","0","0","0","0","0","0","0","0","","","","","","","","","0","0","0","0",""
"Tyreek Hill","KC","1","WR","9","6","2","140","1","1","1","0","66.7","17","15.56","23.33","3","","","","","","","","","","","","1","0","5","0","0","0","5","1","0","0","0","","","","","","","","","0","0","26.5","0.45","3.79"
"Tajae Sharpe","TEN","1","WR","4","2","0","31","0","0","0","0","50","19.5","7.75","15.5","0.5","","","","","","","","","","","","0","0","0","0","0","0","0","0","0","0","0","","","","","","","","","0","0","5.1","0.16","2.55"
"Chris Moore","BLT","1","WR","0","0","0","0","0","0","0","0","0","0","0","0","0","","","","","","","","","","","","0","0","0","0","0","0","0","0","0","0","0","","","","","","","","","0","0","0","0",""
"Jake Kumerow","GB","1","WR","2","0","0","0","0","0","0","0","0","26.5","0","0","0","","","","","","","","","","","","0","0","0","0","0","0","0","0","0","0","0","","","","","","","","","0","0","0","0",""
"Stefon Diggs","MIN","1","WR","4","1","0","4","0","0","0","0","25","14","1","4","6","","","","","","","","","","","","1","0","12","0","0","0","12","2","0","0","0","","","","","","","","","0","0","2.6","0.04","1.3"
"Breshad Perriman","TB","1","WR","5","4","0","42","0","1","0","0","80","9.4","8.4","10.5","1.75","","","","","","","","","","","","0","0","0","0","0","0","0","0","0","0","0","","","","","","","","","0","0","14.2","0.3","3.55"
"DeVante Parker","MIA","1","WR","5","4","0","57","0","1","0","1","80","10.4","11.4","14.25","3.75","","","","","","","","","","","","0","0","0","0","0","0","0","0","0","0","0","","","","","","","","","0","0","15.7","0.28","3.92"
"Amari Cooper","DAL","1","WR","7","4","1","80","0","1","1","1","57.1","18.43","11.43","20","7.5","","","","","","","","","","","","0","0","0","0","0","0","0","0","0","0","0","","","","","","","","","0","0","18","0.31","4.5"
"Taylor Gabriel","CHI","1","WR","3","3","1","69","0","0","0","0","100","17","23","23","6","","","","","","","","","","","","0","0","0","0","0","0","0","0","0","0","0","","","","","","","","","0","0","9.9","0.33","3.3"
"Bennie Fowler","NYG","1","WR","4","3","0","22","0","0","0","0","75","6.75","5.5","7.33","0","","","","","","","","","","","","0","0","0","0","0","0","0","0","0","0","0","","","","","","","","","0","0","5.2","0.13","1.73"
"Cody Latimer","NYG","1","WR","3","2","0","8","0","1","0","0","66.7","14.67","2.67","4","1","","","","","","","","","","","","0","0","0","0","0","0","0","0","0","0","0","","","","","","","","","0","0","8.8","0.8","4.4"
"Paul Richardson Jr.","WAS","1","WR","5","4","0","42","0","0","0","0","80","10","8.4","10.5","2.75","","","","","","","","","","","","0","0","0","0","0","0","0","0","0","0","0","","","","","","","","","0","0","8.2","0.34","2.05"
"Odell Beckham Jr.","CLV","1","WR","6","5","0","87","0","0","0","1","83.3","8.33","14.5","17.4","10.2","","","","","","","","","","","","1","0","-5","0","0","0","-5","0","0","0","0","","","","","","","","","0","0","13.2","0.19","2.2"
"Sammy Watkins","KC","1","WR","9","7","0","63","0","0","0","0","77.8","7.67","7","9","0.71","","","","","","","","","","","","0","0","0","0","0","0","0","0","0","0","0","","","","","","","","","0","0","13.3","0.25","1.9"
"Jaron Brown","SEA","1","WR","0","0","0","0","0","0","0","0","0","0","0","0","0","","","","","","","","","","","","0","0","0","0","0","0","0","0","0","0","0","","","","","","","","","0","0","0","0",""
"Kenny Stills","HST","1","WR","4","4","0","52","0","0","0","0","100","11.75","13","13","1.25","","","","","","","","","","","","0","0","0","0","0","0","0","0","0","0","0","","","","","","","","","0","0","9.2","0.16","2.3"
"Tavon Austin","DAL","1","WR","0","0","0","0","0","0","0","0","0","0","0","0","0","","","","","","","","","","","","0","0","0","0","0","0","0","0","0","0","0","","","","","","","","","0","0","0","0",""
"Marvin Jones Jr.","DET","1","WR","10","8","1","126","1","1","0","0","80","16.3","12.6","15.75","1","","","","","","","","","","","","0","0","0","0","0","0","0","0","0","0","0","","","","","","","","","0","0","26.6","0.44","3.33"
"Mohamed Sanu","NE","1","WR","14","10","0","81","0","1","0","0","71.4","9.71","5.79","8.1","4.4","","","","","","","","","","","","0","0","0","0","0","0","0","0","0","0","0","","","","","","","","","0","0","24.1","0.36","2.41"
"Emmanuel Sanders","SF","1","WR","9","7","0","112","1","1","0","0","77.8","11.44","12.44","16","5.71","","","","","","","","","","","","0","0","0","0","0","0","0","0","0","0","0","","","","","","","","","0","0","24.2","0.37","3.46"
"Demaryius Thomas","NYJ","1","WR","3","2","0","19","0","0","0","0","66.7","2.33","6.33","9.5","6.5","","","","","","","","","","","","0","0","0","0","0","0","0","0","0","0","0","","","","","","","","","0","0","3.9","0.07","1.95"
"Matthew Slater","NE","0","WR","0","0","0","0","0","0","0","0","0","0","0","0","0","","","","","","","","","","","","0","0","0","0","0","0","0","0","0","0","0","","","","","","","","","0","0","0","",""
"DeSean Jackson","PHI","1","WR","1","1","0","5","0","0","0","0","100","5","5","5","0","","","","","","","","","","","","0","0","0","0","0","0","0","0","0","0","0","","","","","","","","","0","0","1.5","0.38","1.5"
"Craig Reynolds","WAS","0","RB","0","0","0","0","0","0","0","0","0","0","0","0","0","","","","","","","","","","","","0","0","0","0","0","0","0","0","0","0","0","","","","","","","","","0","0","0","",""
"Nyheim Hines","IND","1","RB","3","1","0","21","0","0","0","1","33.3","2","7","21","19","","","","","","","","","","","","1","0","7","0","0","0","7","4","0","0","0","","","","","","","","","0","0","3.8","0.19","1.9"
"Reggie Bonnafon","CAR","1","RB","1","1","0","7","0","0","0","0","100","5","7","7","2","","","","","","","","","","","","3","0","6","0","0","0","2","2","1","0.33","0","","","","","","","","","0","0","2.3","0.26","0.57"
"Jaylen Samuels","PIT","1","RB","13","13","0","73","0","0","0","0","100","-0.38","5.62","5.62","6","","","","","","","","","","","","8","0","10","0","0","0","1.25","1.88","0","0","1","","","","","","","","","0","0","21.3","0.53","1.01"
"Gus Edwards","BLT","1","RB","0","0","0","0","0","0","0","0","0","0","0","0","0","","","","","","","","","","","","7","0","27","0","1","0","3.86","1.43","0","0","0","","","","","","","","","0","0","8.7","0.31","1.24"
"Mark Walton","MIA","1","RB","3","3","0","12","0","0","0","0","100","0.33","4","4","3.67","","","","","","","","","","","","12","0","29","0","0","0","2.42","2.17","3","0.25","0","","","","","","","","","0","0","7.1","0.14","0.47"
"Josh Jacobs","OAK","1","RB","2","0","0","0","0","0","0","2","0","-1.5","0","0","0","","","","","","","","","","","","28","0","120","1","2","0","4.29","3.11","5","0.18","0","","","","","","","","","0","0","24","0.57","0.86"
"Dexter Williams","GB","0","RB","0","0","0","0","0","0","0","0","0","0","0","0","0","","","","","","","","","","","","0","0","0","0","0","0","0","0","0","0","0","","","","","","","","","0","0","0","",""
"Devine Ozigbo","JAX","1","RB","0","0","0","0","0","0","0","0","0","0","0","0","0","","","","","","","","","","","","0","0","0","0","0","0","0","0","0","0","0","","","","","","","","","0","0","0","0",""
"Justice Hill","BLT","1","RB","1","0","0","0","0","0","0","0","0","17","0","0","0","","","","","","","","","","","","3","0","7","0","0","0","2.33","1.33","0","0","0","","","","","","","","","0","0","0.7","0.07","0.23"
"Travis Homer","SEA","0","RB","0","0","0","0","0","0","0","0","0","0","0","0","0","","","","","","","","","","","","0","0","0","0","0","0","0","0","0","0","0","","","","","","","","","0","0","0","",""
"Alexander Mattison","MIN","1","RB","1","0","0","0","0","0","0","0","0","26","0","0","0","","","","","","","","","","","","3","0","6","0","0","0","2","2.33","0","0","0","","","","","","","","","0","0","0.6","0.1","0.2"
"Ryquell Armstead","JAX","1","RB","5","5","0","65","0","0","0","0","100","4.2","13","13","8.8","","","","","","","","","","","","0","0","0","0","0","0","0","0","0","0","0","","","","","","","","","0","0","11.5","1.28","2.3"
"Saquon Barkley","NYG","1","RB","7","6","1","67","0","0","0","0","85.7","-2","9.57","11.17","14.17","","","","","","","","","","","","14","0","28","0","0","0","2","1.71","2","0.14","0","","","","","","","","","0","0","15.5","0.27","0.78"
"Nick Chubb","CLV","1","RB","5","4","0","26","0","0","0","0","80","-1","5.2","6.5","7","","","","","","","","","","","","20","0","65","0","0","0","3.25","2.65","3","0.15","0","","","","","","","","","0","0","13.1","0.29","0.55"
"Ty Johnson","DET","1","RB","3","3","0","7","0","0","0","0","100","0.33","2.33","2.33","2","","","","","","","","","","","","9","0","29","0","0","0","3.22","1.78","0","0","0","","","","","","","","","0","0","6.6","0.16","0.55"
"Tony Brooks-James","PIT","1","RB","0","0","0","0","0","0","0","0","0","0","0","0","0","","","","","","","","","","","","1","0","0","0","0","0","0","1","0","0","0","","","","","","","","","0","0","0","0","0"
"Royce Freeman","DEN","1","RB","1","1","0","-1","0","0","0","0","100","-1","-1","-1","0","","","","","","","","","","","","5","0","15","0","0","0","3","3","1","0.2","0","","","","","","","","","0","0","2.4","0.1","0.4"
"Kalen Ballage","MIA","1","RB","0","0","0","0","0","0","0","0","0","0","0","0","0","","","","","","","","","","","","7","0","19","0","0","0","2.71","1.29","0","0","0","","","","","","","","","0","0","1.9","0.09","0.27"
"D'Ernest Johnson","CLV","0","RB","0","0","0","0","0","0","0","0","0","0","0","0","0","","","","","","","","","","","","0","0","0","0","0","0","0","0","0","0","0","","","","","","","","","0","0","0","",""
"David Montgomery","CHI","1","RB","4","3","0","36","0","0","0","1","75","1.75","9","12","9","","","","","","","","","","","","14","0","40","0","2","0","2.86","2.57","4","0.29","0","","","","","","","","","0","0","22.6","0.71","1.33"
"Dontrell Hilliard","CLV","1","RB","2","2","0","6","0","0","0","0","100","-5.5","3","3","8.5","","","","","","","","","","","","5","0","8","0","0","0","1.6","1.4","0","0","0","","","","","","","","","0","0","3.4","0.11","0.49"
"Miles Sanders","PHI","1","RB","3","3","0","31","0","0","0","0","100","-3.67","10.33","10.33","14","","","","","","","","","","","","10","0","42","0","0","0","4.2","2.5","2","0.2","0","","","","","","","","","0","0","10.3","0.32","0.79"
"Devin Singletary","BUF","1","RB","4","3","1","45","0","0","0","0","75","3.75","11.25","15","19","","","","","","","","","","","","20","0","95","0","1","0","4.75","2.25","4","0.2","0","","","","","","","","","0","0","23","0.56","1"
"Boston Scott","PHI","0","RB","0","0","0","0","0","0","0","0","0","0","0","0","0","","","","","","","","","","","","0","0","0","0","0","0","0","0","0","0","0","","","","","","","","","0","0","0","",""
"Jordan Scarlett","CAR","1","RB","0","0","0","0","0","0","0","0","0","0","0","0","0","","","","","","","","","","","","0","0","0","0","0","0","0","0","0","0","0","","","","","","","","","0","0","0","0",""
"Trey Edmunds","PIT","1","RB","0","0","0","0","0","0","0","0","0","0","0","0","0","","","","","","","","","","","","12","1","73","0","0","0","6.08","2.92","0","0","0","","","","","","","","","0","0","7.3","0.43","0.61"
"Ronald Jones","TB","1","RB","2","2","0","15","0","0","0","0","100","4","7.5","7.5","3.5","","","","","","","","","","","","18","0","67","0","1","0","3.72","2.56","3","0.17","0","","","","","","","","","0","0","16.2","0.39","0.81"
"Mike Boone","MIN","0","RB","0","0","0","0","0","0","0","0","0","0","0","0","0","","","","","","","","","","","","0","0","0","0","0","0","0","0","0","0","0","","","","","","","","","0","0","0","",""
"Justin Jackson","LAC","1","RB","1","1","0","7","0","0","0","0","100","2","7","7","5","","","","","","","","","","","","2","0","7","0","0","0","3.5","3.5","0","0","0","","","","","","","","","0","0","2.4","0.48","0.8"
"Jeff Wilson Jr.","SF","1","RB","1","1","0","2","0","0","0","0","100","2","2","2","0","","","","","","","","","","","","0","0","0","0","0","0","0","0","0","0","0","","","","","","","","","0","0","1.2","0.6","1.2"
"Patrick Laird","MIA","0","RB","0","0","0","0","0","0","0","0","0","0","0","0","0","","","","","","","","","","","","0","0","0","0","0","0","0","0","0","0","0","","","","","","","","","0","0","0","",""
"Sony Michel","NE","1","RB","2","1","0","12","0","0","0","0","50","-0.5","6","12","17","","","","","","","","","","","","4","0","18","0","0","0","4.5","3.5","1","0.25","0","","","","","","","","","0","0","4","0.27","0.8"
"Rashaad Penny","SEA","1","RB","0","0","0","0","0","0","0","0","0","0","0","0","0","","","","","","","","","","","","4","0","12","0","0","0","3","3.75","1","0.25","0","","","","","","","","","0","0","1.2","0.11","0.3"
"Tony Pollard","DAL","1","RB","3","1","0","9","0","0","0","1","33.3","4","3","9","13","","","","","","","","","","","","3","0","21","0","0","0","7","6","1","0.33","0","","","","","","","","","0","0","4","0.31","1"
"Jordan Wilkins","IND","1","RB","2","1","0","6","0","0","0","0","50","-1","3","6","3","","","","","","","","","","","","1","0","6","0","0","0","6","4","0","0","0","","","","","","","","","0","0","2.2","0.17","1.1"
"Darrel Williams","KC","1","RB","0","0","0","0","0","0","0","0","0","0","0","0","0","","","","","","","","","","","","1","0","1","0","0","0","1","2","0","0","0","","","","","","","","","0","0","0.1","0.01","0.1"
"Phillip Lindsay","DEN","1","RB","0","0","0","0","0","0","0","0","0","0","0","0","0","","","","","","","","","","","","9","1","92","0","1","0","10.22","3.11","1","0.11","0","","","","","","","","","0","0","15.2","0.66","1.69"
"Dare Ogunbowale","TB","1","RB","1","1","0","12","0","0","0","0","100","5","12","12","7","","","","","","","","","","","","1","0","1","0","1","0","1","0","0","0","0","","","","","","","","","0","0","8.3","0.4","4.15"
"Matt Breida","SF","1","RB","2","2","0","14","0","0","0","0","100","-1","7","7","8","","","","","","","","","","","","15","0","78","0","0","0","5.2","1.47","0","0","0","","","","","","","","","0","0","11.2","0.39","0.66"
"Austin Ekeler","LAC","1","RB","4","4","0","23","0","0","0","0","100","0.5","5.75","5.75","5.25","","","","","","","","","","","","12","0","70","0","0","0","5.83","2.42","0","0","0","","","","","","","","","0","0","13.3","0.55","0.83"
"Chris Carson","SEA","1","RB","2","2","0","28","0","0","0","0","100","2","14","14","12","","","","","","","","","","","","16","1","105","1","0","0","6.56","5.38","8","0.5","2","","","","","","","","","0","0","15.3","0.24","0.85"
"Aaron Jones","GB","1","RB","2","1","0","-1","0","0","0","0","50","-2.5","-0.5","-1","4","","","","","","","","","","","","8","0","30","0","0","0","3.75","3.25","2","0.25","0","","","","","","","","","0","0","3.9","0.13","0.43"
"T.J. Logan","TB","1","RB","1","1","0","2","0","0","0","0","100","1","2","2","1","","","","","","","","","","","","0","0","0","0","0","0","0","0","0","0","0","","","","","","","","","0","0","1.2","0.6","1.2"
"Marlon Mack","IND","1","RB","0","0","0","0","0","0","0","0","0","0","0","0","0","","","","","","","","","","","","21","0","89","0","0","0","4.24","2.14","0","0","0","","","","","","","","","0","0","8.9","0.23","0.42"
"Wayne Gallman","NYG","1","RB","1","0","0","0","0","0","0","1","0","7","0","0","0","","","","","","","","","","","","0","0","0","0","0","0","0","0","0","0","0","","","","","","","","","0","0","0","0",""
"Jamaal Williams","GB","1","RB","6","6","0","39","0","1","0","0","100","0.5","6.5","6.5","6.33","","","","","","","","","","","","2","0","10","0","0","0","5","2.5","0","0","0","","","","","","","","","0","0","16.9","0.77","2.11"
"Tarik Cohen","CHI","1","RB","5","2","0","9","0","0","0","2","40","3.6","1.8","4.5","6.5","","","","","","","","","","","","2","0","7","0","0","0","3.5","2","0","0","0","","","","","","","","","0","0","3.6","0.23","0.9"
"Dalvin Cook","MIN","1","RB","6","4","0","45","0","0","0","0","66.7","-1","7.5","11.25","12.25","","","","","","","","","","","","21","0","71","0","0","0","3.38","3.43","1","0.05","0","","","","","","","","","0","0","15.6","0.27","0.62"
"Christian McCaffrey","CAR","1","RB","3","3","0","20","0","1","0","0","100","2","6.67","6.67","4.67","","","","","","","","","","","","24","1","146","1","2","1","6.08","2.63","1","0.04","0","","","","","","","","","0","0","37.6","0.62","1.39"
"Leonard Fournette","JAX","1","RB","6","5","0","32","0","0","0","1","83.3","-0.67","5.33","6.4","7.4","","","","","","","","","","","","11","0","40","0","0","0","3.64","2.45","2","0.18","0","","","","","","","","","0","0","12.2","0.22","0.76"
"Jalen Richard","OAK","1","RB","4","3","0","56","0","0","0","0","75","5.25","14","18.67","10","","","","","","","","","","","","2","0","12","0","0","0","6","4","1","0.5","0","","","","","","","","","0","0","9.8","0.45","1.96"
"Elijhaa Penny","NYG","1","RB","0","0","0","0","0","0","0","0","0","0","0","0","0","","","","","","","","","","","","0","0","0","0","0","0","0","0","0","0","0","","","","","","","","","0","0","0","0",""
"J.D. McKissic","DET","1","RB","4","3","0","40","0","1","0","0","75","6.5","10","13.33","6","","","","","","","","","","","","4","0","32","0","0","0","8","5.25","4","1","0","","","","","","","","","0","0","16.2","0.62","2.31"
"Peyton Barber","TB","1","RB","0","0","0","0","0","0","0","0","0","0","0","0","0","","","","","","","","","","","","4","0","15","0","0","0","3.75","1.25","0","0","0","","","","","","","","","0","0","1.5","0.17","0.38"
"Wendell Smallwood","WAS","1","RB","3","2","0","-2","0","0","0","0","66.7","2","-0.67","-1","0.5","","","","","","","","","","","","2","0","5","0","0","0","2.5","2","0","0","0","","","","","","","","","0","0","2.3","0.13","0.57"
"Jordan Howard","PHI","1","RB","1","1","0","1","0","0","0","0","100","1","1","1","0","","","","","","","","","","","","19","0","82","0","1","0","4.32","3.21","4","0.21","0","","","","","","","","","0","0","15.3","0.36","0.77"
"Paul Perkins","DET","1","RB","0","0","0","0","0","0","0","0","0","0","0","0","0","","","","","","","","","","","","2","0","16","0","0","0","8","3","0","0","0","","","","","","","","","0","0","1.6","0.53","0.8"
"DeAndre Washington","OAK","1","RB","1","1","0","21","0","0","0","0","100","2","21","21","19","","","","","","","","","","","","3","0","7","0","0","0","2.33","2.33","0","0","0","","","","","","","","","0","0","3.8","0.54","0.95"
"Devontae Booker","DEN","1","RB","1","1","0","14","0","0","0","0","100","4","14","14","10","","","","","","","","","","","","0","0","0","0","0","0","0","0","0","0","0","","","","","","","","","0","0","2.4","2.4","2.4"
"Kenyan Drake","ARZ","1","RB","4","4","0","52","0","0","0","0","100","-3.25","13","13","16.25","","","","","","","","","","","","15","0","110","1","1","0","7.33","5.87","3","0.2","0","","","","","","","","","1","1","26.2","0.56","1.38"
"Derrick Henry","TEN","1","RB","3","3","0","36","0","1","0","0","100","-4.33","12","12","16.33","","","","","","","","","","","","13","0","63","0","1","0","4.85","2.85","0","0","0","","","","","","","","","0","0","24.9","0.66","1.56"
"Ezekiel Elliott","DAL","1","RB","0","0","0","0","0","0","0","0","0","0","0","0","0","","","","","","","","","","","","23","0","139","1","0","0","6.04","3.74","2","0.09","0","","","","","","","","","0","0","13.9","0.24","0.6"
"Rod Smith","TEN","0","RB","0","0","0","0","0","0","0","0","0","0","0","0","0","","","","","","","","","","","","0","0","0","0","0","0","0","0","0","0","0","","","","","","","","","0","0","0","",""
"Raheem Mostert","SF","1","RB","0","0","0","0","0","0","0","0","0","0","0","0","0","","","","","","","","","","","","1","0","-2","0","0","0","-2","0","0","0","0","","","","","","","","","0","0","-0.2","-0.1","-0.2"
"Zach Zenner","ARZ","1","RB","0","0","0","0","0","0","0","0","0","0","0","0","0","","","","","","","","","","","","1","0","-3","0","0","0","-3","1","1","1","0","","","","","","","","","0","0","-0.3","-0.3","-0.3"
"Michael Burton","WAS","1","RB","0","0","0","0","0","0","0","0","0","0","0","0","0","","","","","","","","","","","","0","0","0","0","0","0","0","0","0","0","0","","","","","","","","","0","0","0","0",""
"Mike Davis","CHI","0","RB","0","0","0","0","0","0","0","0","0","0","0","0","0","","","","","","","","","","","","0","0","0","0","0","0","0","0","0","0","0","","","","","","","","","0","0","0","",""
"Javorius Allen","NYG","0","RB","0","0","0","0","0","0","0","0","0","0","0","0","0","","","","","","","","","","","","0","0","0","0","0","0","0","0","0","0","0","","","","","","","","","0","0","0","",""
"Ty Montgomery","NYJ","1","RB","0","0","0","0","0","0","0","0","0","0","0","0","0","","","","","","","","","","","","0","0","0","0","0","0","0","0","0","0","0","","","","","","","","","0","0","0","0",""
"Duke Johnson Jr.","HST","1","RB","5","5","0","68","0","0","0","0","100","5.2","13.6","13.6","8.4","","","","","","","","","","","","7","0","13","0","1","0","1.86","1.57","2","0.29","0","","","","","","","","","0","0","19.1","0.6","1.59"
"Tevin Coleman","SF","1","RB","3","2","0","13","0","0","0","1","66.7","-1.67","4.33","6.5","6","","","","","","","","","","","","12","0","23","0","0","0","1.92","2.75","2","0.17","0","","","","","","","","","0","0","5.6","0.15","0.4"
"Ameer Abdullah","MIN","1","RB","1","1","0","16","0","1","0","0","100","5","16","16","11","","","","","","","","","","","","1","0","2","0","0","0","2","3","1","1","0","","","","","","","","","0","0","8.8","1.1","4.4"
"Melvin Gordon III","LAC","1","RB","4","3","0","29","0","0","0","1","75","0","7.25","9.67","10.33","","","","","","","","","","","","20","0","80","0","2","0","4","2.35","4","0.2","0","","","","","","","","","0","0","25.9","0.58","1.13"
"Damien Williams","KC","1","RB","2","2","0","3","0","0","0","0","100","-5","1.5","1.5","6.5","","","","","","","","","","","","12","1","125","1","1","1","10.42","7.67","5","0.42","0","","","","","","","","","0","0","20.8","0.48","1.49"
"Senorise Perry","BUF","0","RB","0","0","0","0","0","0","0","0","0","0","0","0","0","","","","","","","","","","","","0","0","0","0","0","0","0","0","0","0","0","","","","","","","","","0","0","0","",""
"James White","NE","1","RB","3","2","0","46","0","0","0","0","66.7","7.67","15.33","23","11.5","","","","","","","","","","","","9","0","38","0","1","0","4.22","2.22","1","0.11","0","","","","","","","","","0","0","16.4","0.59","1.49"
"Carlos Hyde","HST","1","RB","0","0","0","0","0","0","0","0","0","0","0","0","0","","","","","","","","","","","","19","2","160","1","0","0","8.42","3.11","3","0.16","1","","","","","","","","","0","0","16","0.42","0.84"
"Jordan Poyer","BUF","1","RB","0","0","0","0","0","0","0","0","0","0","0","0","0","","","","","","","","","","","","0","0","0","0","0","0","0","0","0","0","0","","","","","","","","","0","0","0","0",""
"Rex Burkhead","NE","1","RB","2","1","0","16","0","0","0","0","50","1.5","8","16","18","","","","","","","","","","","","4","0","18","0","0","0","4.5","3","0","0","0","","","","","","","","","0","0","4.4","0.18","0.88"
"Le'Veon Bell","NYJ","1","RB","8","8","0","55","0","0","0","0","100","0.75","6.88","6.88","6.13","","","","","","","","","","","","17","0","66","0","0","0","3.88","2","0","0","0","","","","","","","","","0","0","20.1","0.33","0.8"
"Brandon Bolden","NE","0","RB","0","0","0","0","0","0","0","0","0","0","0","0","0","","","","","","","","","","","","0","0","0","0","0","0","0","0","0","0","0","","","","","","","","","0","0","0","",""
"Alfred Morris","ARZ","1","RB","0","0","0","0","0","0","0","0","0","0","0","0","0","","","","","","","","","","","","1","0","4","0","0","0","4","3","0","0","0","","","","","","","","","0","0","0.4","0.13","0.4"
"Dion Lewis","TEN","1","RB","5","5","0","33","0","0","0","0","100","-0.8","6.6","6.6","7.4","","","","","","","","","","","","4","0","20","0","0","0","5","4.75","3","0.75","1","","","","","","","","","0","0","10.3","0.3","1.14"
"Bilal Powell","NYJ","1","RB","0","0","0","0","0","0","0","0","0","0","0","0","0","","","","","","","","","","","","2","0","16","0","0","0","8","3","0","0","0","","","","","","","","","0","0","1.6","0.27","0.8"
"Taiwan Jones","HST","0","RB","0","0","0","0","0","0","0","0","0","0","0","0","0","","","","","","","","","","","","0","0","0","0","0","0","0","0","0","0","0","","","","","","","","","0","0","0","",""
"Mark Ingram II","BLT","1","RB","3","2","0","29","0","0","0","0","66.7","2.33","9.67","14.5","14","","","","","","","","","","","","15","1","115","1","0","0","7.67","2.8","1","0.07","1","","","","","","","","","0","0","16.4","0.59","0.96"
"LeSean McCoy","KC","1","RB","1","1","0","0","0","0","0","0","100","-3","0","0","3","","","","","","","","","","","","3","0","9","0","0","0","3","1.33","0","0","0","","","","","","","","","0","0","1.9","0.32","0.47"
"Adrian Peterson","WAS","1","RB","1","1","0","22","0","0","0","0","100","-5","22","22","27","","","","","","","","","","","","18","0","108","1","0","0","6","4.61","4","0.22","0","","","","","","","","","0","0","14","0.39","0.74"
"Darren Sproles","PHI","1","RB","2","1","0","3","0","0","0","0","50","1.5","1.5","3","3","","","","","","","","","","","","2","0","7","0","0","0","3.5","3","0","0","0","","","","","","","","","0","0","2","0.2","0.67"
"Frank Gore","BUF","1","RB","0","0","0","0","0","0","0","0","0","0","0","0","0","","","","","","","","","","","","11","0","15","0","0","0","1.36","0.82","0","0","0","","","","","","","","","0","0","1.5","0.07","0.14"
"Patrick Ricard","BLT","1","RB","1","1","0","8","0","0","0","0","100","-1","8","8","9","","","","","","","","","","","","0","0","0","0","0","0","0","0","0","0","0","","","","","","","","","0","0","1.8","0.07","1.8"
"Chandler Cox","MIA","1","RB","0","0","0","0","0","0","0","0","0","0","0","0","0","","","","","","","","","","","","0","0","0","0","0","0","0","0","0","0","0","","","","","","","","","0","0","0","0",""
"Cullen Gillaspia","HST","0","RB","0","0","0","0","0","0","0","0","0","0","0","0","0","","","","","","","","","","","","0","0","0","0","0","0","0","0","0","0","0","","","","","","","","","0","0","0","",""
"Alec Ingold","OAK","1","RB","0","0","0","0","0","0","0","0","0","0","0","0","0","","","","","","","","","","","","1","0","2","0","0","0","2","2","0","0","0","","","","","","","","","0","0","0.2","0.01","0.2"
"Nick Bawden","DET","1","RB","0","0","0","0","0","0","0","0","0","0","0","0","0","","","","","","","","","","","","0","0","0","0","0","0","0","0","0","0","0","","","","","","","","","0","0","0","0",""
"Buddy Howell","HST","0","RB","0","0","0","0","0","0","0","0","0","0","0","0","0","","","","","","","","","","","","0","0","0","0","0","0","0","0","0","0","0","","","","","","","","","0","0","0","",""
"Alex Armah","CAR","1","RB","0","0","0","0","0","0","0","0","0","0","0","0","0","","","","","","","","","","","","0","0","0","0","0","0","0","0","0","0","0","","","","","","","","","0","0","0","0",""
"C.J. Ham","MIN","1","RB","3","2","0","37","0","0","0","0","66.7","1","12.33","18.5","18","","","","","","","","","","","","0","0","0","0","0","0","0","0","0","0","0","","","","","","","","","0","0","5.7","0.26","2.85"
"Derek Watt","LAC","1","RB","0","0","0","0","0","0","0","0","0","0","0","0","0","","","","","","","","","","","","0","0","0","0","0","0","0","0","0","0","0","","","","","","","","","0","0","0","0",""
"Danny Vitale","GB","1","RB","0","0","0","0","0","0","0","0","0","0","0","0","0","","","","","","","","","","","","0","0","0","0","0","0","0","0","0","0","0","","","","","","","","","0","0","0","0",""
"Andy Janovich","DEN","1","RB","0","0","0","0","0","0","0","0","0","0","0","0","0","","","","","","","","","","","","0","0","0","0","0","0","0","0","0","0","0","","","","","","","","","0","0","0","0",""
"Roosevelt Nix","PIT","1","RB","0","0","0","0","0","0","0","0","0","0","0","0","0","","","","","","","","","","","","0","0","0","0","0","0","0","0","0","0","0","","","","","","","","","0","0","0","0",""
"Jamize Olawale","DAL","1","RB","0","0","0","0","0","0","0","0","0","0","0","0","0","","","","","","","","","","","","0","0","0","0","0","0","0","0","0","0","0","","","","","","","","","0","0","0","0",""
"Patrick DiMarco","BUF","1","RB","0","0","0","0","0","0","0","0","0","0","0","0","0","","","","","","","","","","","","0","0","0","0","0","0","0","0","0","0","0","","","","","","","","","0","0","0","0",""
"Nick Bellore","SEA","1","RB","0","0","0","0","0","0","0","0","0","0","0","0","0","","","","","","","","","","","","0","0","0","0","0","0","0","0","0","0","0","","","","","","","","","0","0","0","0",""
"Anthony Sherman","KC","1","RB","0","0","0","0","0","0","0","0","0","0","0","0","0","","","","","","","","","","","","0","0","0","0","0","0","0","0","0","0","0","","","","","","","","","0","0","0","0",""
"Tanner Hudson","TB","1","TE","2","1","0","12","0","0","0","1","50","17.5","6","12","0","","","","","","","","","","","","0","0","0","0","0","0","0","0","0","0","0","","","","","","","","","0","0","2.2","0.05","2.2"
"Troy Fumagalli","DEN","1","TE","1","1","0","9","0","0","0","0","100","9","9","9","0","","","","","","","","","","","","0","0","0","0","0","0","0","0","0","0","0","","","","","","","","","0","0","1.9","0.24","1.9"
"Dalton Schultz","DAL","1","TE","0","0","0","0","0","0","0","0","0","0","0","0","0","","","","","","","","","","","","0","0","0","0","0","0","0","0","0","0","0","","","","","","","","","0","0","0","0",""
"Isaiah Searight","NYG","0","TE","0","0","0","0","0","0","0","0","0","0","0","0","0","","","","","","","","","","","","0","0","0","0","0","0","0","0","0","0","0","","","","","","","","","0","0","0","",""
"Jordan Akins","HST","1","TE","3","3","0","24","0","0","0","0","100","1","8","8","7","","","","","","","","","","","","0","0","0","0","0","0","0","0","0","0","0","","","","","","","","","0","0","5.4","0.11","1.8"
"Trevon Wesco","NYJ","1","TE","0","0","0","0","0","0","0","0","0","0","0","0","0","","","","","","","","","","","","0","0","0","0","0","0","0","0","0","0","0","","","","","","","","","0","0","0","0",""
"Kaden Smith","NYG","1","TE","0","0","0","0","0","0","0","0","0","0","0","0","0","","","","","","","","","","","","0","0","0","0","0","0","0","0","0","0","0","","","","","","","","","0","0","0","0",""
"T.J. Hockenson","DET","1","TE","7","3","0","56","0","0","0","0","42.9","6.71","8","18.67","17.67","","","","","","","","","","","","0","0","0","0","0","0","0","0","0","0","0","","","","","","","","","0","0","8.6","0.19","2.87"
"Deon Yelder","KC","0","TE","0","0","0","0","0","0","0","0","0","0","0","0","0","","","","","","","","","","","","0","0","0","0","0","0","0","0","0","0","0","","","","","","","","","0","0","0","",""
"Mo Alie-Cox","IND","1","TE","1","1","0","11","0","0","0","0","100","-1","11","11","12","","","","","","","","","","","","0","0","0","0","0","0","0","0","0","0","0","","","","","","","","","0","0","2.1","0.1","2.1"
"Jeremy Sprinkle","WAS","1","TE","1","1","0","16","0","0","0","0","100","4","16","16","12","","","","","","","","","","","","0","0","0","0","0","0","0","0","0","0","1","","","","","","","","","0","0","2.6","0.07","2.6"
"Evan Engram","NYG","1","TE","8","6","0","48","0","0","0","0","75","6.88","6","8","3.33","","","","","","","","","","","","1","0","2","0","0","0","2","2","0","0","0","","","","","","","","","0","0","11","0.22","1.57"
"Ben Braunecker","CHI","1","TE","0","0","0","0","0","0","0","0","0","0","0","0","0","","","","","","","","","","","","0","0","0","0","0","0","0","0","0","0","0","","","","","","","","","0","0","0","0",""
"J.P. Holtz","CHI","1","TE","0","0","0","0","0","0","0","0","0","0","0","0","0","","","","","","","","","","","","0","0","0","0","0","0","0","0","0","0","0","","","","","","","","","0","0","0","0",""
"Seth DeValve","JAX","1","TE","5","4","0","41","0","0","0","0","80","6.6","8.2","10.25","3.5","","","","","","","","","","","","0","0","0","0","0","0","0","0","0","0","0","","","","","","","","","0","0","8.1","0.24","2.02"
"Hunter Henry","LAC","1","TE","10","7","0","84","0","0","0","0","70","10.7","8.4","12","3.43","","","","","","","","","","","","0","0","0","0","0","0","0","0","0","0","0","","","","","","","","","0","0","15.4","0.28","2.2"
"Ben Koyack","JAX","1","TE","1","0","0","0","0","0","0","0","0","-1","0","0","0","","","","","","","","","","","","0","0","0","0","0","0","0","0","0","0","0","","","","","","","","","0","0","0","0",""
"Blake Bell","KC","1","TE","1","1","0","2","0","0","0","0","100","1","2","2","1","","","","","","","","","","","","0","0","0","0","0","0","0","0","0","0","0","","","","","","","","","0","0","1.2","0.04","1.2"
"Travis Kelce","KC","1","TE","9","7","0","62","0","0","0","0","77.8","7.89","6.89","8.86","2.43","","","","","","","","","","","","0","0","0","0","0","0","0","0","0","0","0","","","","","","","","","0","0","13.2","0.23","1.89"
"Virgil Green","LAC","1","TE","0","0","0","0","0","0","0","0","0","0","0","0","0","","","","","","","","","","","","0","0","0","0","0","0","0","0","0","0","0","","","","","","","","","0","0","0","0",""
"Stephen Carlson","CLV","1","TE","1","0","0","0","0","0","0","0","0","21","0","0","0","","","","","","","","","","","","0","0","0","0","0","0","0","0","0","0","0","","","","","","","","","0","0","0","0",""
"Anthony Firkser","TEN","1","TE","1","0","0","0","0","0","0","0","0","9","0","0","0","","","","","","","","","","","","0","0","0","0","0","0","0","0","0","0","0","","","","","","","","","0","0","0","0",""
"Mark Andrews","BLT","1","TE","3","2","0","21","0","0","0","0","66.7","16.67","7","10.5","2.5","","","","","","","","","","","","0","0","0","0","0","0","0","0","0","0","0","","","","","","","","","0","0","4.1","0.18","2.05"
"Ryan Izzo","NE","0","TE","0","0","0","0","0","0","0","0","0","0","0","0","0","","","","","","","","","","","","0","0","0","0","0","0","0","0","0","0","0","","","","","","","","","0","0","0","",""
"Hayden Hurst","BLT","1","TE","2","2","0","15","0","0","0","0","100","2.5","7.5","7.5","5","","","","","","","","","","","","0","0","0","0","0","0","0","0","0","0","0","","","","","","","","","0","0","3.5","0.13","1.75"
"Dallas Goedert","PHI","1","TE","4","4","0","39","0","0","0","0","100","2.75","9.75","9.75","7","","","","","","","","","","","","0","0","0","0","0","0","0","0","0","0","0","","","","","","","","","0","0","7.9","0.12","1.98"
"Durham Smythe","MIA","1","TE","0","0","0","0","0","0","0","0","0","0","0","0","0","","","","","","","","","","","","0","0","0","0","0","0","0","0","0","0","0","","","","","","","","","0","0","0","0",""
"Chris Herndon","NYJ","0","TE","0","0","0","0","0","0","0","0","0","0","0","0","0","","","","","","","","","","","","0","0","0","0","0","0","0","0","0","0","0","","","","","","","","","0","0","0","",""
"Mike Gesicki","MIA","1","TE","6","6","0","95","0","0","0","0","100","13","15.83","15.83","2.83","","","","","","","","","","","","0","0","0","0","0","0","0","0","0","0","0","","","","","","","","","0","0","15.5","0.37","2.58"
"Hale Hentges","WAS","1","TE","0","0","0","0","0","0","0","0","0","0","0","0","0","","","","","","","","","","","","0","0","0","0","0","0","0","0","0","0","0","","","","","","","","","0","0","0","0",""
"Tyler Conklin","MIN","1","TE","0","0","0","0","0","0","0","0","0","0","0","0","0","","","","","","","","","","","","0","0","0","0","0","0","0","0","0","0","0","","","","","","","","","0","0","0","0",""
"Andrew Beck","DEN","1","TE","0","0","0","0","0","0","0","0","0","0","0","0","0","","","","","","","","","","","","0","0","0","0","0","0","0","0","0","0","0","","","","","","","","","0","0","0","0",""
"Josh Oliver","JAX","1","TE","2","1","0","4","0","0","0","0","50","9","2","4","3","","","","","","","","","","","","0","0","0","0","0","0","0","0","0","0","0","","","","","","","","","0","0","1.4","0.05","1.4"
"Jace Sternberger","GB","0","TE","0","0","0","0","0","0","0","0","0","0","0","0","0","","","","","","","","","","","","0","0","0","0","0","0","0","0","0","0","0","","","","","","","","","0","0","0","",""
"Foster Moreau","OAK","1","TE","2","1","0","3","0","1","0","0","50","11","1.5","3","0","","","","","","","","","","","","0","0","0","0","0","0","0","0","0","0","0","","","","","","","","","0","0","7.3","0.19","7.3"
"Noah Fant","DEN","1","TE","4","3","1","115","1","1","1","0","75","11.5","28.75","38.33","24","","","","","","","","","","","","0","0","0","0","0","0","0","0","0","0","0","","","","","","","","","0","0","20.5","0.5","6.83"
"Ian Thomas","CAR","1","TE","0","0","0","0","0","0","0","0","0","0","0","0","0","","","","","","","","","","","","0","0","0","0","0","0","0","0","0","0","0","","","","","","","","","0","0","0","0",""
"Irv Smith Jr.","MIN","1","TE","6","4","0","33","0","0","0","1","66.7","5.67","5.5","8.25","1","","","","","","","","","","","","0","0","0","0","0","0","0","0","0","0","0","","","","","","","","","0","0","7.3","0.17","1.82"
"Dawson Knox","BUF","1","TE","2","2","0","14","0","0","0","0","100","5","7","7","2","","","","","","","","","","","","0","0","0","0","0","0","0","0","0","0","0","","","","","","","","","0","0","3.4","0.07","1.7"
"Antony Auclair","TB","1","TE","2","1","0","11","0","0","0","0","50","0","5.5","11","8","","","","","","","","","","","","0","0","0","0","0","0","0","0","0","0","0","","","","","","","","","0","0","2.1","0.05","2.1"
"Ross Dwelley","SF","1","TE","4","4","0","29","0","0","0","0","100","3.5","7.25","7.25","3.75","","","","","","","","","","","","0","0","0","0","0","0","0","0","0","0","0","","","","","","","","","0","0","6.9","0.14","1.73"
"Blake Jarwin","DAL","1","TE","1","1","1","42","0","1","1","0","100","9","42","42","33","","","","","","","","","","","","0","0","0","0","0","0","0","0","0","0","0","","","","","","","","","0","0","11.2","0.43","11.2"
"Darrell Daniels","ARZ","0","TE","0","0","0","0","0","0","0","0","0","0","0","0","0","","","","","","","","","","","","0","0","0","0","0","0","0","0","0","0","0","","","","","","","","","0","0","0","",""
"Jacob Hollister","SEA","1","TE","6","4","0","37","0","2","0","0","66.7","5.33","6.17","9.25","3.75","","","","","","","","","","","","0","0","0","0","0","0","0","0","0","0","0","","","","","","","","","0","0","19.7","0.33","4.92"
"Ricky Seals-Jones","CLV","1","TE","2","2","0","12","0","0","0","0","100","1.5","6","6","4.5","","","","","","","","","","","","0","0","0","0","0","0","0","0","0","0","0","","","","","","","","","0","0","3.2","0.15","1.6"
"George Kittle","SF","1","TE","8","6","0","79","0","1","0","0","75","7.13","9.88","13.17","7.67","","","","","","","","","","","","0","0","0","0","0","0","0","0","0","0","0","","","","","","","","","0","0","19.9","0.41","3.32"
"Jonnu Smith","TEN","1","TE","5","3","0","18","0","0","0","0","60","6.4","3.6","6","0.33","","","","","","","","","","","","0","0","0","0","0","0","0","0","0","0","0","","","","","","","","","0","0","4.8","0.09","1.6"
"Adam Shaheen","CHI","1","TE","1","0","0","0","0","0","0","0","0","2","0","0","0","","","","","","","","","","","","0","0","0","0","0","0","0","0","0","0","0","","","","","","","","","0","0","0","0",""
"Nick Vannett","PIT","1","TE","1","0","0","0","0","0","0","0","0","15","0","0","0","","","","","","","","","","","","0","0","0","0","0","0","0","0","0","0","0","","","","","","","","","0","0","0","0",""
"Chris Manhertz","CAR","1","TE","0","0","0","0","0","0","0","0","0","0","0","0","0","","","","","","","","","","","","0","0","0","0","0","0","0","0","0","0","0","","","","","","","","","0","0","0","0",""
"Daniel Brown","NYJ","1","TE","0","0","0","0","0","0","0","0","0","0","0","0","0","","","","","","","","","","","","0","0","0","0","0","0","0","0","0","0","0","","","","","","","","","0","0","0","0",""
"Darren Waller","OAK","1","TE","2","2","0","52","0","0","0","0","100","8.5","26","26","17.5","","","","","","","","","","","","0","0","0","0","0","0","0","0","0","0","0","","","","","","","","","0","0","7.2","0.13","3.6"
"Nick Boyle","BLT","1","TE","5","5","0","27","0","1","0","0","100","2.4","5.4","5.4","3","","","","","","","","","","","","0","0","0","0","0","0","0","0","0","0","0","","","","","","","","","0","0","13.7","0.24","2.74"
"Jesse James","DET","1","TE","2","1","0","3","0","0","0","0","50","5","1.5","3","0","","","","","","","","","","","","0","0","0","0","0","0","0","0","0","0","0","","","","","","","","","0","0","1.3","0.07","1.3"
"MyCole Pruitt","TEN","1","TE","0","0","0","0","0","0","0","0","0","0","0","0","0","","","","","","","","","","","","0","0","0","0","0","0","0","0","0","0","0","","","","","","","","","0","0","0","0",""
"Tyler Kroft","BUF","1","TE","1","0","0","0","0","0","0","0","0","-2","0","0","0","","","","","","","","","","","","0","0","0","0","0","0","0","0","0","0","0","","","","","","","","","0","0","0","0",""
"Clive Walford","MIA","1","TE","0","0","0","0","0","0","0","0","0","0","0","0","0","","","","","","","","","","","","0","0","0","0","0","0","0","0","0","0","0","","","","","","","","","0","0","0","0",""
"Maxx Williams","ARZ","1","TE","2","1","0","12","0","0","0","0","50","10.5","6","12","10","","","","","","","","","","","","0","0","0","0","0","0","0","0","0","0","0","","","","","","","","","0","0","2.2","0.05","2.2"
"Cameron Brate","TB","1","TE","0","0","0","0","0","0","0","0","0","0","0","0","0","","","","","","","","","","","","0","0","0","0","0","0","0","0","0","0","0","","","","","","","","","0","0","0","0",""
"Trey Burton","CHI","1","TE","1","0","0","0","0","0","0","0","0","19","0","0","0","","","","","","","","","","","","0","0","0","0","0","0","0","0","0","0","0","","","","","","","","","0","0","0","0",""
"Logan Thomas","DET","1","TE","2","1","0","13","0","0","0","0","50","9.5","6.5","13","2","","","","","","","","","","","","0","0","0","0","0","0","0","0","0","0","0","","","","","","","","","0","0","2.3","0.12","2.3"
"Eric Ebron","IND","1","TE","2","2","0","16","0","0","0","0","100","3.5","8","8","4.5","","","","","","","","","","","","0","0","0","0","0","0","0","0","0","0","0","","","","","","","","","0","0","3.6","0.15","1.8"
"Darren Fells","HST","1","TE","3","1","0","1","0","1","0","1","33.3","2.33","0.33","1","1","","","","","","","","","","","","0","0","0","0","0","0","0","0","0","0","0","","","","","","","","","0","0","7.1","0.12","7.1"
"Demetrius Harris","CLV","1","TE","4","3","0","25","0","0","0","0","75","5","6.25","8.33","7.67","","","","","","","","","","","","0","0","0","0","0","0","0","0","0","0","0","","","","","","","","","0","0","5.5","0.11","1.83"
"Jack Doyle","IND","1","TE","4","3","0","22","0","1","0","0","75","9.25","5.5","7.33","1.67","","","","","","","","","","","","0","0","0","0","0","0","0","0","0","0","0","","","","","","","","","0","1","11.2","0.21","3.73"
"Ryan Griffin","NYJ","1","TE","8","6","0","50","0","0","0","0","75","8.75","6.25","8.33","3.33","","","","","","","","","","","","0","0","0","0","0","0","0","0","0","0","0","","","","","","","","","0","0","11","0.18","1.83"
"Luke Willson","SEA","1","TE","2","2","0","20","0","0","0","0","100","-0.5","10","10","10.5","","","","","","","","","","","","0","0","0","0","0","0","0","0","0","0","0","","","","","","","","","0","0","4","0.24","2"
"Levine Toilolo","SF","1","TE","0","0","0","0","0","0","0","0","0","0","0","0","0","","","","","","","","","","","","0","0","0","0","0","0","0","0","0","0","0","","","","","","","","","0","0","0","0",""
"Vance McDonald","PIT","1","TE","6","5","0","30","0","1","0","0","83.3","1.5","5","6","4.8","","","","","","","","","","","","0","0","0","0","0","0","0","0","0","0","0","","","","","","","","","0","0","14","0.28","2.8"
"Zach Ertz","PHI","1","TE","11","9","0","103","1","1","0","0","81.8","6.55","9.36","11.44","5.78","","","","","","","","","","","","0","0","0","0","0","0","0","0","0","0","0","","","","","","","","","0","0","25.3","0.39","2.81"
"Derek Carrier","OAK","1","TE","0","0","0","0","0","0","0","0","0","0","0","0","0","","","","","","","","","","","","1","0","27","0","0","0","27","1","0","0","0","","","","","","","","","0","0","2.7","0.25","2.7"
"Rhett Ellison","NYG","1","TE","4","2","0","17","0","0","0","1","50","3.75","4.25","8.5","2.5","","","","","","","","","","","","0","0","0","0","0","0","0","0","0","0","0","","","","","","","","","0","0","3.7","0.1","1.85"
"Charles Clay","ARZ","1","TE","2","1","0","6","0","0","0","0","50","-0.5","3","6","10","","","","","","","","","","","","0","0","0","0","0","0","0","0","0","0","0","","","","","","","","","0","0","1.6","0.07","1.6"
"Lee Smith","BUF","1","TE","0","0","0","0","0","0","0","0","0","0","0","0","0","","","","","","","","","","","","0","0","0","0","0","0","0","0","0","0","0","","","","","","","","","0","0","0","0",""
"Lance Kendricks","LAC","1","TE","0","0","0","0","0","0","0","0","0","0","0","0","0","","","","","","","","","","","","0","0","0","0","0","0","0","0","0","0","0","","","","","","","","","0","0","0","0",""
"Kyle Rudolph","MIN","1","TE","5","3","0","23","0","1","0","0","60","12.4","4.6","7.67","2.67","","","","","","","","","","","","0","0","0","0","0","0","0","0","0","0","0","","","","","","","","","0","0","11.3","0.21","3.77"
"Jimmy Graham","GB","1","TE","4","4","0","17","0","0","0","0","100","1.5","4.25","4.25","2.75","","","","","","","","","","","","0","0","0","0","0","0","0","0","0","0","0","","","","","","","","","0","0","5.7","0.18","1.43"
"Greg Olsen","CAR","1","TE","5","3","0","40","0","0","0","0","60","12","8","13.33","2.67","","","","","","","","","","","","0","0","0","0","0","0","0","0","0","0","0","","","","","","","","","0","0","7","0.11","2.33"
"Marcedes Lewis","GB","1","TE","0","0","0","0","0","0","0","0","0","0","0","0","0","","","","","","","","","","","","0","0","0","0","0","0","0","0","0","0","0","","","","","","","","","0","0","0","0",""
"Benjamin Watson","NE","1","TE","5","4","0","28","0","0","0","1","80","7.2","5.6","7","4.25","","","","","","","","","","","","0","0","0","0","0","0","0","0","0","0","0","","","","","","","","","0","0","6.8","0.1","1.7"
"Jason Witten","DAL","1","TE","9","8","0","58","0","0","0","0","88.9","3.78","6.44","7.25","4","","","","","","","","","","","","0","0","0","0","0","0","0","0","0","0","0","","","","","","","","","0","0","13.8","0.25","1.73"